id,x,y
Cra 18#16-2,4.135935,73.619009
Cra 19a#23.4.138997,73.621812
Cra 35#18-43,4.134424,73.629179
Cra 31#5-41,4121998,73.622219
Balcones de Gratomira,4.109001,73.629624
Rincon de las Margaritas,4.104090,73.643506
(B.Guatape)Cl 20a #38-12,4.104253,73.650849
Condominio quintas de san Jorge,4.105984,73.646384
Cl 24a#44-11,4.103062,73.650849
Serramonte 5.4.118274,73.650849
Colegio Gimnasio School,4.134043,73.629179
